"Povpreène meseène plaèe po: SKD DEJAVNOST, UPRAVNA ENOTA, MESEC,"
"MERITVE , PLAÈE"

" ";" ";" ";"Plaèa za mesec [EUR]";" "
" ";" ";" ";"Bruto plaèa";"Neto plaèa"
"SKD Dejavnost - SKUPAJ"
" ";"SLOVENIJA"
" ";" ";"2005M01";1116.44;715.15
" ";" ";"2005M02";1097.11;703.39
" ";" ";"2005M03";1133.86;721.26
" ";" ";"2005M04";1124.06;716.82
" ";" ";"2005M05";1134.26;723.53
" ";" ";"2005M06";1133.59;721.80
" ";" ";"2005M07";1132.61;722.56
" ";" ";"2005M08";1164.41;740.13
" ";" ";"2005M09";1157.46;735.55
" ";" ";"2005M10";1166.36;740.70
" ";" ";"2005M11";1310.15;818.19
" ";" ";"2005M12";1212.25;768.48
" ";" ";"2006M01";1175.07;751.93
" ";" ";"2006M02";1157.58;742.18
" ";" ";"2006M03";1192.16;759.40
" ";" ";"2006M04";1167.98;745.77
" ";" ";"2006M05";1194.78;762.13
" ";" ";"2006M06";1192.33;760.62
" ";" ";"2006M07";1181.14;755.31
" ";" ";"2006M08";1210.76;771.25
" ";" ";"2006M09";1199.95;764.58
" ";" ";"2006M10";1223.17;777.40
" ";" ";"2006M11";1392.92;868.78
" ";" ";"2006M12";1261.09;818.94
" ";" ";"2007M01";1250.34;815.68
" ";" ";"2007M02";1212.82;792.97
" ";" ";"2007M03";1252.12;815.34
" ";" ";"2007M04";1237.42;807.86
" ";" ";"2007M05";1263.57;822.34
" ";" ";"2007M06";1254.36;817.15
" ";" ";"2007M07";1262.95;822.68
" ";" ";"2007M08";1279.40;833.08
" ";" ";"2007M09";1259.07;820.47
" ";" ";"2007M10";1303.92;846.38
" ";" ";"2007M11";1491.65;945.34
" ";" ";"2007M12";1342.80;870.70
" ";" ";"2008M01";1326.19;864.43
" ";" ";"2008M02";1325.73;864.50
" ";" ";"2008M03";1352.87;878.73
" ";" ";"2008M04";1354.42;879.19
" ";" ";"2008M05";1360.20;882.94
" ";" ";"2008M06";1364.53;883.58
" ";" ";"2008M07";1372.46;890.24
" ";" ";"2008M08";1405.00;909.12
" ";" ";"2008M09";1400.21;905.13
" ";" ";"2008M10";1424.08;917.64
" ";" ";"2008M11";1550.29;981.58
" ";" ";"2008M12";1457.66;938.66
" ";" ";"2009M01";1416.40;917.15
" ";" ";"2009M02";1381.87;898.74
" ";" ";"2009M03";1425.05;921.69
" ";" ";"2009M04";1423.19;920.67
" ";" ";"2009M05";1415.38;917.56
" ";" ";"2009M06";1429.12;924.64
" ";" ";"2009M07";1424.23;922.14
" ";" ";"2009M08";1415.08;918.28
" ";" ";"2009M09";1433.93;929.36
" ";" ";"2009M10";1448.13;935.11
" ";" ";"2009M11";1570.53;999.49
" ";" ";"2009M12";1488.19;957.14
" ";" ";"2010M01";1448.12;936.77
" ";" ";"2010M02";1431.45;930.01
" ";" ";"2010M03";1499.23;967.32
" ";" ";"2010M04";1483.44;960.02
" ";" ";"2010M05";1475.04;956.55
" ";" ";"2010M06";1491.57;965.71
" ";" ";"2010M07";1480.69;960.14
" ";" ";"2010M08";1487.20;964.55
" ";" ";"2010M09";1485.58;963.84
" ";" ";"2010M10";1487.86;964.48
" ";" ";"2010M11";1634.48;1041.19
" ";" ";"2010M12";1534.04;988.96
" ";" ";"2011M01";1496.35;971.83
" ";" ";"2011M02";1493.54;969.92
" ";" ";"2011M03";1523.98;987.03
" ";" ";"2011M04";1504.65;975.98
" ";" ";"2011M05";1515.63;982.99
" ";" ";"2011M06";1520.92;985.95
" ";" ";"2011M07";1500.16;974.91
" ";" ";"2011M08";1524.15;988.45
" ";" ";"2011M09";1506.87;978.20
" ";" ";"2011M10";1510.44;979.53
" ";" ";"2011M11";1651.88;1053.96
" ";" ";"2011M12";1546.09;999.33
" ";" ";"2012M01";1529.04;993.53
" ";" ";"2012M02";1523.11;988.47
" ";" ";"2012M03";1535.11;995.20
" ";" ";"2012M04";1519.12;987.67
" ";" ";"2012M05";1535.93;996.62
" ";" ";"2012M06";1501.40;978.99
" ";" ";"2012M07";1498.05;976.81
" ";" ";"2012M08";1512.95;985.55
" ";" ";"2012M09";1489.00;972.73
" ";" ";"2012M10";1515.95;986.81
" ";" ";"2012M11";1611.93;1035.01
" ";" ";"2012M12";1534.54;1000.21
" ";" ";"2013M01";1523.80;998.18
" ";" ";"2013M02";1497.55;982.68
" ";" ";"2013M03";1520.08;993.70
" ";" ";"2013M04";1516.82;993.16
" ";" ";"2013M05";1523.65;997.13
" ";" ";"2013M06";1495.45;982.72
" ";" ";"2013M07";1510.02;990.88
" ";" ";"2013M08";1506.88;989.52
" ";" ";"2013M09";1495.28;983.30
" ";" ";"2013M10";1526.11;999.99
" ";" ";"2013M11";1617.19;1044.89
" ";" ";"2013M12";1544.85;1007.65
" ";" ";"2014M01";1534.54;1005.75
" ";" ";"2014M02";1520.88;994.34
" ";" ";"2014M03";1526.36;996.97
" ";" ";"2014M04";1531.56;1001.03
" ";" ";"2014M05";1531.66;1000.69
" ";" ";"2014M06";1521.38;995.64
" ";" ";"2014M07";1535.66;1002.75
" ";" ";"2014M08";1516.93;992.94
" ";" ";"2014M09";1519.32;994.31
" ";" ";"2014M10";1543.66;1007.24
" ";" ";"2014M11";1633.22;1053.77
" ";" ";"2014M12";1566.09;1018.67
" ";" ";"2015M01";1538.01;1003.48
" ";" ";"2015M02";1515.98;989.91
" ";" ";"2015M03";1550.33;1008.10
" ";" ";"2015M04";1543.95;1005.52
" ";" ";"2015M05";1528.50;997.51
" ";" ";"2015M06";1539.82;1003.74
" ";" ";"2015M07";1541.83;1005.06
" ";" ";"2015M08";1524.44;995.85
" ";" ";"2015M09";1522.07;994.90
" ";"Celje"
" ";" ";"2005M01";1090.45;704.04
" ";" ";"2005M02";1087.17;701.98
" ";" ";"2005M03";1119.80;714.27
" ";" ";"2005M04";1133.74;725.19
" ";" ";"2005M05";1112.04;715.19
" ";" ";"2005M06";1120.16;719.41
" ";" ";"2005M07";1121.77;720.05
" ";" ";"2005M08";1146.09;732.85
" ";" ";"2005M09";1141.51;730.89
" ";" ";"2005M10";1164.26;743.47
" ";" ";"2005M11";1289.11;814.01
" ";" ";"2005M12";1188.70;759.29
" ";" ";"2006M01";1154.95;745.62
" ";" ";"2006M02";1147.79;741.51
" ";" ";"2006M03";1162.63;749.06
" ";" ";"2006M04";1179.42;756.51
" ";" ";"2006M05";1182.90;757.92
" ";" ";"2006M06";1170.29;753.20
" ";" ";"2006M07";1167.79;751.63
" ";" ";"2006M08";1198.56;768.71
" ";" ";"2006M09";1183.63;759.71
" ";" ";"2006M10";1201.02;769.38
" ";" ";"2006M11";1370.24;865.17
" ";" ";"2006M12";1233.72;809.43
" ";" ";"2007M01";1212.71;798.21
" ";" ";"2007M02";1186.35;781.88
" ";" ";"2007M03";1216.43;799.34
" ";" ";"2007M04";1251.76;818.40
" ";" ";"2007M05";1241.17;813.42
" ";" ";"2007M06";1218.56;798.99
" ";" ";"2007M07";1243.15;811.76
" ";" ";"2007M08";1246.48;815.40
" ";" ";"2007M09";1231.30;807.91
" ";" ";"2007M10";1262.14;827.51
" ";" ";"2007M11";1473.67;938.81
" ";" ";"2007M12";1295.14;847.24
" ";" ";"2008M01";1283.92;843.65
" ";" ";"2008M02";1286.70;844.57
" ";" ";"2008M03";1308.82;857.77
" ";" ";"2008M04";1346.92;876.35
" ";" ";"2008M05";1324.13;863.28
" ";" ";"2008M06";1344.68;865.68
" ";" ";"2008M07";1342.16;873.28
" ";" ";"2008M08";1359.96;882.66
" ";" ";"2008M09";1377.02;893.54
" ";" ";"2008M10";1390.52;901.78
" ";" ";"2008M11";1536.06;973.82
" ";" ";"2008M12";1419.85;921.11
" ";" ";"2009M01";1387.99;902.51
" ";" ";"2009M02";1345.69;877.91
" ";" ";"2009M03";1381.27;895.68
" ";" ";"2009M04";1392.24;905.40
" ";" ";"2009M05";1369.28;892.64
" ";" ";"2009M06";1386.12;898.45
" ";" ";"2009M07";1383.35;900.99
" ";" ";"2009M08";1380.83;899.19
" ";" ";"2009M09";1392.44;907.13
" ";" ";"2009M10";1401.71;909.31
" ";" ";"2009M11";1516.70;975.10
" ";" ";"2009M12";1431.74;925.62
" ";" ";"2010M01";1389.55;903.77
" ";" ";"2010M02";1384.85;902.58
" ";" ";"2010M03";1429.27;927.73
" ";" ";"2010M04";1427.39;927.65
" ";" ";"2010M05";1420.17;923.36
" ";" ";"2010M06";1457.64;945.41
" ";" ";"2010M07";1443.45;937.52
" ";" ";"2010M08";1438.20;935.96
" ";" ";"2010M09";1447.09;942.59
" ";" ";"2010M10";1454.69;946.10
" ";" ";"2010M11";1558.94;1002.44
" ";" ";"2010M12";1481.82;958.97
" ";" ";"2011M01";1456.26;951.09
" ";" ";"2011M02";1437.65;940.21
" ";" ";"2011M03";1466.93;957.28
" ";" ";"2011M04";1454.37;950.06
" ";" ";"2011M05";1472.99;959.79
" ";" ";"2011M06";1468.32;956.74
" ";" ";"2011M07";1464.76;955.83
" ";" ";"2011M08";1473.32;961.96
" ";" ";"2011M09";1462.57;954.59
" ";" ";"2011M10";1457.53;951.12
" ";" ";"2011M11";1609.48;1038.97
" ";" ";"2011M12";1482.53;967.08
" ";" ";"2012M01";1470.94;961.95
" ";" ";"2012M02";1464.92;958.66
" ";" ";"2012M03";1468.83;960.28
" ";" ";"2012M04";1479.26;966.96
" ";" ";"2012M05";1493.77;976.36
" ";" ";"2012M06";1454.62;952.78
" ";" ";"2012M07";1471.19;951.08
" ";" ";"2012M08";1459.35;957.49
" ";" ";"2012M09";1443.05;948.47
" ";" ";"2012M10";1465.72;959.70
" ";" ";"2012M11";1552.91;1012.30
" ";" ";"2012M12";1472.63;968.28
" ";" ";"2013M01";1459.45;962.82
" ";" ";"2013M02";1437.52;950.05
" ";" ";"2013M03";1453.09;958.56
" ";" ";"2013M04";1452.27;958.44
" ";" ";"2013M05";1471.53;969.49
" ";" ";"2013M06";1447.25;955.85
" ";" ";"2013M07";1466.81;967.26
" ";" ";"2013M08";1448.17;959.35
" ";" ";"2013M09";1440.44;952.14
" ";" ";"2013M10";1474.52;970.73
" ";" ";"2013M11";1544.19;1015.54
" ";" ";"2013M12";1475.76;971.93
" ";" ";"2014M01";1478.07;980.09
" ";" ";"2014M02";1450.90;957.38
" ";" ";"2014M03";1475.83;972.12
" ";" ";"2014M04";1483.20;976.36
" ";" ";"2014M05";1489.41;980.14
" ";" ";"2014M06";1479.54;974.19
" ";" ";"2014M07";1489.07;979.31
" ";" ";"2014M08";1463.06;964.93
" ";" ";"2014M09";1472.10;970.51
" ";" ";"2014M10";1496.83;982.94
" ";" ";"2014M11";1596.15;1039.88
" ";" ";"2014M12";1511.21;990.83
" ";" ";"2015M01";1479.22;976.85
" ";" ";"2015M02";1455.52;960.38
" ";" ";"2015M03";1497.02;982.14
" ";" ";"2015M04";1491.16;979.63
" ";" ";"2015M05";1480.27;973.33
" ";" ";"2015M06";1497.98;984.15
" ";" ";"2015M07";1504.50;987.83
" ";" ";"2015M08";1483.43;976.40
" ";" ";"2015M09";1483.33;975.51
" ";"Koper"
" ";" ";"2005M01";1154.39;733.02
" ";" ";"2005M02";1129.40;718.34
" ";" ";"2005M03";1155.15;736.38
" ";" ";"2005M04";1160.72;736.24
" ";" ";"2005M05";1187.09;750.96
" ";" ";"2005M06";1175.52;743.16
" ";" ";"2005M07";1170.70;740.29
" ";" ";"2005M08";1182.01;748.92
" ";" ";"2005M09";1177.04;745.42
" ";" ";"2005M10";1195.26;753.62
" ";" ";"2005M11";1368.89;844.55
" ";" ";"2005M12";1328.89;823.09
" ";" ";"2006M01";1213.46;771.43
" ";" ";"2006M02";1213.60;769.35
" ";" ";"2006M03";1234.76;782.91
" ";" ";"2006M04";1225.81;776.23
" ";" ";"2006M05";1256.18;793.72
" ";" ";"2006M06";1296.19;817.34
" ";" ";"2006M07";1237.76;784.69
" ";" ";"2006M08";1252.58;792.14
" ";" ";"2006M09";1238.14;784.61
" ";" ";"2006M10";1268.69;801.51
" ";" ";"2006M11";1562.54;964.31
" ";" ";"2006M12";1287.64;826.08
" ";" ";"2007M01";1278.53;830.59
" ";" ";"2007M02";1260.27;821.50
" ";" ";"2007M03";1325.58;857.11
" ";" ";"2007M04";1296.38;840.69
" ";" ";"2007M05";1329.57;858.85
" ";" ";"2007M06";1349.38;871.14
" ";" ";"2007M07";1311.82;849.58
" ";" ";"2007M08";1304.42;847.18
" ";" ";"2007M09";1285.05;835.17
" ";" ";"2007M10";1338.80;864.95
" ";" ";"2007M11";1662.95;1054.18
" ";" ";"2007M12";1347.70;875.79
" ";" ";"2008M01";1379.29;895.50
" ";" ";"2008M02";1366.67;888.11
" ";" ";"2008M03";1438.16;927.26
" ";" ";"2008M04";1421.04;914.73
" ";" ";"2008M05";1444.86;931.30
" ";" ";"2008M06";1406.91;908.60
" ";" ";"2008M07";1431.43;921.94
" ";" ";"2008M08";1434.74;923.47
" ";" ";"2008M09";1489.47;953.81
" ";" ";"2008M10";1485.70;952.16
" ";" ";"2008M11";1742.07;1093.89
" ";" ";"2008M12";1547.57;989.64
" ";" ";"2009M01";1475.97;949.55
" ";" ";"2009M02";1428.11;922.56
" ";" ";"2009M03";1469.12;946.63
" ";" ";"2009M04";1502.94;962.55
" ";" ";"2009M05";1505.98;968.99
" ";" ";"2009M06";1489.70;957.12
" ";" ";"2009M07";1527.64;979.69
" ";" ";"2009M08";1482.54;954.92
" ";" ";"2009M09";1502.41;966.13
" ";" ";"2009M10";1530.14;980.68
" ";" ";"2009M11";1744.74;1107.59
" ";" ";"2009M12";1540.01;988.13
" ";" ";"2010M01";1512.49;972.54
" ";" ";"2010M02";1475.99;955.71
" ";" ";"2010M03";1535.12;989.75
" ";" ";"2010M04";1560.23;998.19
" ";" ";"2010M05";1504.35;970.16
" ";" ";"2010M06";1558.38;1001.75
" ";" ";"2010M07";1527.84;982.96
" ";" ";"2010M08";1515.24;977.80
" ";" ";"2010M09";1520.62;981.85
" ";" ";"2010M10";1519.56;980.17
" ";" ";"2010M11";1733.44;1103.20
" ";" ";"2010M12";1593.04;1021.00
" ";" ";"2011M01";1523.94;983.68
" ";" ";"2011M02";1502.64;975.15
" ";" ";"2011M03";1543.66;997.03
" ";" ";"2011M04";1544.81;996.17
" ";" ";"2011M05";1529.02;988.45
" ";" ";"2011M06";1576.96;1012.15
" ";" ";"2011M07";1580.83;1014.48
" ";" ";"2011M08";1564.46;1007.71
" ";" ";"2011M09";1542.64;997.40
" ";" ";"2011M10";1555.83;1003.21
" ";" ";"2011M11";1790.52;1131.69
" ";" ";"2011M12";1570.27;1013.82
" ";" ";"2012M01";1569.04;1012.04
" ";" ";"2012M02";1539.61;995.19
" ";" ";"2012M03";1576.91;1016.26
" ";" ";"2012M04";1564.99;1009.72
" ";" ";"2012M05";1566.46;1010.32
" ";" ";"2012M06";1540.82;998.85
" ";" ";"2012M07";1561.91;1008.71
" ";" ";"2012M08";1576.49;1020.56
" ";" ";"2012M09";1572.03;1019.05
" ";" ";"2012M10";1558.70;1005.41
" ";" ";"2012M11";1712.15;1091.65
" ";" ";"2012M12";1558.15;1009.75
" ";" ";"2013M01";1548.44;1008.22
" ";" ";"2013M02";1500.45;983.11
" ";" ";"2013M03";1555.46;1011.36
" ";" ";"2013M04";1568.64;1017.34
" ";" ";"2013M05";1554.60;1010.23
" ";" ";"2013M06";1516.19;991.95
" ";" ";"2013M07";1572.87;1027.64
" ";" ";"2013M08";1525.16;998.18
" ";" ";"2013M09";1576.07;1026.33
" ";" ";"2013M10";1578.06;1025.00
" ";" ";"2013M11";1744.21;1115.99
" ";" ";"2013M12";1585.95;1029.53
" ";" ";"2014M01";1595.92;1037.81
" ";" ";"2014M02";1529.81;994.39
" ";" ";"2014M03";1542.78;1005.42
" ";" ";"2014M04";1564.49;1024.16
" ";" ";"2014M05";1556.14;1012.75
" ";" ";"2014M06";1540.78;1004.60
" ";" ";"2014M07";1592.40;1030.58
" ";" ";"2014M08";1529.47;998.15
" ";" ";"2014M09";1543.90;1004.76
" ";" ";"2014M10";1634.46;1053.31
" ";" ";"2014M11";1743.86;1111.22
" ";" ";"2014M12";1672.83;1078.77
" ";" ";"2015M01";1595.66;1031.11
" ";" ";"2015M02";1534.76;998.12
" ";" ";"2015M03";1590.38;1030.88
" ";" ";"2015M04";1629.66;1045.49
" ";" ";"2015M05";1592.64;1021.60
" ";" ";"2015M06";1582.37;1026.55
" ";" ";"2015M07";1651.26;1062.21
" ";" ";"2015M08";1563.57;1014.85
" ";" ";"2015M09";1573.62;1022.44
" ";"Kranj"
" ";" ";"2005M01";1121.26;720.67
" ";" ";"2005M02";1127.77;725.31
" ";" ";"2005M03";1185.87;743.02
" ";" ";"2005M04";1216.57;768.06
" ";" ";"2005M05";1246.38;780.33
" ";" ";"2005M06";1154.59;740.56
" ";" ";"2005M07";1159.00;743.29
" ";" ";"2005M08";1189.32;759.99
" ";" ";"2005M09";1193.04;761.33
" ";" ";"2005M10";1217.89;774.69
" ";" ";"2005M11";1376.93;857.42
" ";" ";"2005M12";1251.53;798.97
" ";" ";"2006M01";1209.27;776.25
" ";" ";"2006M02";1199.93;771.45
" ";" ";"2006M03";1232.41;786.90
" ";" ";"2006M04";1262.26;805.72
" ";" ";"2006M05";1241.43;793.47
" ";" ";"2006M06";1250.89;799.66
" ";" ";"2006M07";1232.77;789.30
" ";" ";"2006M08";1251.27;797.73
" ";" ";"2006M09";1247.00;796.16
" ";" ";"2006M10";1256.65;800.88
" ";" ";"2006M11";1462.70;919.77
" ";" ";"2006M12";1297.09;843.11
" ";" ";"2007M01";1262.63;826.96
" ";" ";"2007M02";1253.99;822.30
" ";" ";"2007M03";1276.00;833.68
" ";" ";"2007M04";1289.50;839.70
" ";" ";"2007M05";1323.96;860.30
" ";" ";"2007M06";1307.90;852.36
" ";" ";"2007M07";1324.27;862.50
" ";" ";"2007M08";1334.02;868.72
" ";" ";"2007M09";1328.20;863.40
" ";" ";"2007M10";1344.56;873.24
" ";" ";"2007M11";1550.08;986.09
" ";" ";"2007M12";1386.39;901.52
" ";" ";"2008M01";1397.29;911.20
" ";" ";"2008M02";1390.41;904.62
" ";" ";"2008M03";1396.23;906.37
" ";" ";"2008M04";1470.77;944.54
" ";" ";"2008M05";1412.29;914.01
" ";" ";"2008M06";1502.93;963.19
" ";" ";"2008M07";1416.70;918.91
" ";" ";"2008M08";1445.52;934.13
" ";" ";"2008M09";1459.09;942.10
" ";" ";"2008M10";1464.42;942.81
" ";" ";"2008M11";1618.47;1030.83
" ";" ";"2008M12";1485.98;961.08
" ";" ";"2009M01";1458.06;944.55
" ";" ";"2009M02";1444.38;938.27
" ";" ";"2009M03";1460.69;945.37
" ";" ";"2009M04";1478.91;955.72
" ";" ";"2009M05";1456.94;945.15
" ";" ";"2009M06";1477.41;956.21
" ";" ";"2009M07";1458.02;945.52
" ";" ";"2009M08";1452.12;943.45
" ";" ";"2009M09";1460.14;947.69
" ";" ";"2009M10";1502.77;963.49
" ";" ";"2009M11";1592.56;1013.80
" ";" ";"2009M12";1518.16;975.28
" ";" ";"2010M01";1482.96;961.03
" ";" ";"2010M02";1477.48;959.96
" ";" ";"2010M03";1534.92;991.87
" ";" ";"2010M04";1572.54;1009.79
" ";" ";"2010M05";1511.19;981.17
" ";" ";"2010M06";1517.31;984.07
" ";" ";"2010M07";1513.36;982.16
" ";" ";"2010M08";1528.16;991.17
" ";" ";"2010M09";1528.91;991.70
" ";" ";"2010M10";1542.69;996.73
" ";" ";"2010M11";1648.33;1050.93
" ";" ";"2010M12";1574.07;1011.59
" ";" ";"2011M01";1526.50;994.17
" ";" ";"2011M02";1562.52;1012.69
" ";" ";"2011M03";1564.25;1015.12
" ";" ";"2011M04";1543.37;1002.93
" ";" ";"2011M05";1547.73;1006.76
" ";" ";"2011M06";1545.50;1005.03
" ";" ";"2011M07";1540.63;1002.64
" ";" ";"2011M08";1563.27;1016.25
" ";" ";"2011M09";1538.22;1001.66
" ";" ";"2011M10";1548.05;1006.19
" ";" ";"2011M11";1711.39;1100.73
" ";" ";"2011M12";1565.99;1015.42
" ";" ";"2012M01";1552.62;1012.29
" ";" ";"2012M02";1577.94;1024.92
" ";" ";"2012M03";1594.63;1034.43
" ";" ";"2012M04";1543.73;1006.43
" ";" ";"2012M05";1572.00;1022.46
" ";" ";"2012M06";1586.74;1032.18
" ";" ";"2012M07";1572.10;1024.62
" ";" ";"2012M08";1578.14;1029.23
" ";" ";"2012M09";1568.57;1023.78
" ";" ";"2012M10";1580.96;1029.21
" ";" ";"2012M11";1708.95;1099.88
" ";" ";"2012M12";1587.02;1037.49
" ";" ";"2013M01";1563.72;1025.65
" ";" ";"2013M02";1572.39;1030.25
" ";" ";"2013M03";1647.31;1070.07
" ";" ";"2013M04";1604.28;1046.53
" ";" ";"2013M05";1635.39;1062.60
" ";" ";"2013M06";1588.40;1036.83
" ";" ";"2013M07";1601.86;1044.58
" ";" ";"2013M08";1595.25;1041.54
" ";" ";"2013M09";1577.17;1031.52
" ";" ";"2013M10";1620.78;1055.24
" ";" ";"2013M11";1693.54;1090.96
" ";" ";"2013M12";1657.69;1078.78
" ";" ";"2014M01";1598.56;1037.48
" ";" ";"2014M02";1632.11;1056.62
" ";" ";"2014M03";1635.81;1061.26
" ";" ";"2014M04";1609.70;1047.07
" ";" ";"2014M05";1607.54;1040.86
" ";" ";"2014M06";1589.98;1033.48
" ";" ";"2014M07";1603.71;1042.73
" ";" ";"2014M08";1590.35;1035.74
" ";" ";"2014M09";1583.20;1031.87
" ";" ";"2014M10";1611.82;1047.21
" ";" ";"2014M11";1682.93;1086.74
" ";" ";"2014M12";1628.34;1057.70
" ";" ";"2015M01";1613.13;1045.98
" ";" ";"2015M02";1662.72;1069.57
" ";" ";"2015M03";1686.99;1090.27
" ";" ";"2015M04";1611.58;1046.45
" ";" ";"2015M05";1618.51;1046.50
" ";" ";"2015M06";1617.73;1049.70
" ";" ";"2015M07";1617.08;1049.00
" ";" ";"2015M08";1604.37;1043.60
" ";" ";"2015M09";1604.24;1042.13
" ";"Ljubljana"
" ";" ";"2005M01";1328.55;819.13
" ";" ";"2005M02";1300.48;803.07
" ";" ";"2005M03";1350.85;826.35
" ";" ";"2005M04";1340.30;822.04
" ";" ";"2005M05";1335.96;821.99
" ";" ";"2005M06";1344.09;822.94
" ";" ";"2005M07";1345.98;827.06
" ";" ";"2005M08";1363.30;836.62
" ";" ";"2005M09";1364.76;834.06
" ";" ";"2005M10";1373.75;840.40
" ";" ";"2005M11";1560.94;939.73
" ";" ";"2005M12";1454.93;885.76
" ";" ";"2006M01";1379.81;852.27
" ";" ";"2006M02";1380.41;852.00
" ";" ";"2006M03";1422.10;869.41
" ";" ";"2006M04";1380.67;850.65
" ";" ";"2006M05";1404.20;863.92
" ";" ";"2006M06";1400.73;861.97
" ";" ";"2006M07";1388.78;856.74
" ";" ";"2006M08";1409.59;868.66
" ";" ";"2006M09";1416.44;870.80
" ";" ";"2006M10";1436.02;882.65
" ";" ";"2006M11";1657.61;997.09
" ";" ";"2006M12";1504.92;947.13
" ";" ";"2007M01";1470.20;928.40
" ";" ";"2007M02";1444.80;911.29
" ";" ";"2007M03";1490.59;937.05
" ";" ";"2007M04";1456.95;920.41
" ";" ";"2007M05";1489.00;938.40
" ";" ";"2007M06";1472.62;930.47
" ";" ";"2007M07";1486.31;939.12
" ";" ";"2007M08";1491.97;943.95
" ";" ";"2007M09";1487.15;939.60
" ";" ";"2007M10";1524.80;962.00
" ";" ";"2007M11";1768.05;1090.78
" ";" ";"2007M12";1609.25;1010.23
" ";" ";"2008M01";1549.78;981.07
" ";" ";"2008M02";1576.06;995.44
" ";" ";"2008M03";1630.81;1023.95
" ";" ";"2008M04";1595.67;1005.71
" ";" ";"2008M05";1597.04;1006.81
" ";" ";"2008M06";1603.71;1008.80
" ";" ";"2008M07";1606.53;1012.72
" ";" ";"2008M08";1656.82;1043.27
" ";" ";"2008M09";1645.03;1033.86
" ";" ";"2008M10";1673.37;1047.84
" ";" ";"2008M11";1865.01;1146.59
" ";" ";"2008M12";1730.21;1078.68
" ";" ";"2009M01";1688.25;1059.70
" ";" ";"2009M02";1653.57;1041.88
" ";" ";"2009M03";1723.40;1077.49
" ";" ";"2009M04";1690.29;1060.09
" ";" ";"2009M05";1680.55;1056.36
" ";" ";"2009M06";1687.17;1059.21
" ";" ";"2009M07";1679.16;1055.99
" ";" ";"2009M08";1672.81;1053.97
" ";" ";"2009M09";1685.30;1059.97
" ";" ";"2009M10";1702.55;1068.54
" ";" ";"2009M11";1880.83;1158.51
" ";" ";"2009M12";1756.19;1098.50
" ";" ";"2010M01";1702.64;1068.95
" ";" ";"2010M02";1685.04;1062.18
" ";" ";"2010M03";1787.00;1115.56
" ";" ";"2010M04";1728.77;1086.75
" ";" ";"2010M05";1728.82;1089.19
" ";" ";"2010M06";1727.21;1087.02
" ";" ";"2010M07";1719.65;1083.30
" ";" ";"2010M08";1723.82;1086.22
" ";" ";"2010M09";1729.38;1089.73
" ";" ";"2010M10";1731.48;1090.66
" ";" ";"2010M11";1932.05;1194.13
" ";" ";"2010M12";1781.82;1117.75
" ";" ";"2011M01";1744.53;1100.47
" ";" ";"2011M02";1777.89;1116.92
" ";" ";"2011M03";1777.09;1117.29
" ";" ";"2011M04";1750.67;1102.30
" ";" ";"2011M05";1763.71;1110.61
" ";" ";"2011M06";1759.89;1110.16
" ";" ";"2011M07";1740.58;1100.55
" ";" ";"2011M08";1756.70;1108.87
" ";" ";"2011M09";1743.91;1101.15
" ";" ";"2011M10";1748.17;1103.18
" ";" ";"2011M11";1910.96;1186.66
" ";" ";"2011M12";1792.04;1130.04
" ";" ";"2012M01";1764.91;1116.66
" ";" ";"2012M02";1799.54;1131.60
" ";" ";"2012M03";1779.28;1122.84
" ";" ";"2012M04";1763.99;1116.47
" ";" ";"2012M05";1765.36;1116.45
" ";" ";"2012M06";1721.01;1094.91
" ";" ";"2012M07";1721.47;1095.88
" ";" ";"2012M08";1732.02;1100.29
" ";" ";"2012M09";1709.09;1088.72
" ";" ";"2012M10";1734.85;1102.54
" ";" ";"2012M11";1859.84;1164.43
" ";" ";"2012M12";1765.59;1125.60
" ";" ";"2013M01";1744.21;1116.33
" ";" ";"2013M02";1755.23;1120.18
" ";" ";"2013M03";1755.56;1119.58
" ";" ";"2013M04";1734.01;1110.63
" ";" ";"2013M05";1736.57;1110.55
" ";" ";"2013M06";1706.31;1097.61
" ";" ";"2013M07";1722.54;1105.56
" ";" ";"2013M08";1711.37;1099.98
" ";" ";"2013M09";1706.93;1098.42
" ";" ";"2013M10";1732.21;1112.50
" ";" ";"2013M11";1834.43;1162.08
" ";" ";"2013M12";1762.52;1123.92
" ";" ";"2014M01";1730.69;1110.63
" ";" ";"2014M02";1767.82;1125.28
" ";" ";"2014M03";1741.95;1112.79
" ";" ";"2014M04";1754.69;1120.65
" ";" ";"2014M05";1752.31;1118.63
" ";" ";"2014M06";1732.23;1108.14
" ";" ";"2014M07";1741.56;1113.57
" ";" ";"2014M08";1721.81;1103.41
" ";" ";"2014M09";1732.19;1107.54
" ";" ";"2014M10";1752.01;1118.02
" ";" ";"2014M11";1841.38;1165.46
" ";" ";"2014M12";1775.17;1128.13
" ";" ";"2015M01";1746.35;1112.66
" ";" ";"2015M02";1761.17;1119.61
" ";" ";"2015M03";1769.53;1123.77
" ";" ";"2015M04";1756.00;1116.98
" ";" ";"2015M05";1744.79;1112.83
" ";" ";"2015M06";1755.81;1117.26
" ";" ";"2015M07";1746.94;1113.81
" ";" ";"2015M08";1731.51;1106.02
" ";" ";"2015M09";1727.91;1103.93
" ";"Maribor"
" ";" ";"2005M01";1111.17;718.78
" ";" ";"2005M02";1076.92;694.76
" ";" ";"2005M03";1100.95;706.25
" ";" ";"2005M04";1093.15;702.23
" ";" ";"2005M05";1100.53;707.30
" ";" ";"2005M06";1106.76;709.29
" ";" ";"2005M07";1110.76;713.71
" ";" ";"2005M08";1135.51;725.71
" ";" ";"2005M09";1133.78;725.58
" ";" ";"2005M10";1148.55;731.60
" ";" ";"2005M11";1272.76;794.14
" ";" ";"2005M12";1179.91;754.88
" ";" ";"2006M01";1147.96;739.24
" ";" ";"2006M02";1138.32;733.01
" ";" ";"2006M03";1160.62;745.26
" ";" ";"2006M04";1138.55;732.62
" ";" ";"2006M05";1163.29;745.43
" ";" ";"2006M06";1172.03;750.91
" ";" ";"2006M07";1157.79;743.38
" ";" ";"2006M08";1188.54;761.10
" ";" ";"2006M09";1179.70;752.72
" ";" ";"2006M10";1195.64;763.37
" ";" ";"2006M11";1365.73;856.66
" ";" ";"2006M12";1225.81;800.84
" ";" ";"2007M01";1216.35;798.74
" ";" ";"2007M02";1179.67;778.13
" ";" ";"2007M03";1202.57;790.13
" ";" ";"2007M04";1192.38;785.58
" ";" ";"2007M05";1213.02;796.51
" ";" ";"2007M06";1218.04;796.44
" ";" ";"2007M07";1217.33;797.69
" ";" ";"2007M08";1226.23;803.66
" ";" ";"2007M09";1215.31;797.19
" ";" ";"2007M10";1281.39;833.42
" ";" ";"2007M11";1417.47;905.36
" ";" ";"2007M12";1277.48;834.41
" ";" ";"2008M01";1267.63;832.92
" ";" ";"2008M02";1262.79;830.15
" ";" ";"2008M03";1283.97;842.30
" ";" ";"2008M04";1286.14;843.35
" ";" ";"2008M05";1295.02;847.38
" ";" ";"2008M06";1320.05;859.68
" ";" ";"2008M07";1316.35;859.77
" ";" ";"2008M08";1349.52;878.39
" ";" ";"2008M09";1349.60;870.89
" ";" ";"2008M10";1378.26;892.90
" ";" ";"2008M11";1502.25;956.21
" ";" ";"2008M12";1395.66;903.18
" ";" ";"2009M01";1366.72;889.97
" ";" ";"2009M02";1342.93;877.21
" ";" ";"2009M03";1372.82;894.55
" ";" ";"2009M04";1374.37;894.44
" ";" ";"2009M05";1373.74;894.45
" ";" ";"2009M06";1383.68;899.74
" ";" ";"2009M07";1381.22;899.68
" ";" ";"2009M08";1369.66;892.33
" ";" ";"2009M09";1387.84;903.54
" ";" ";"2009M10";1403.60;904.94
" ";" ";"2009M11";1488.75;954.74
" ";" ";"2009M12";1436.88;924.43
" ";" ";"2010M01";1399.40;909.50
" ";" ";"2010M02";1395.38;910.10
" ";" ";"2010M03";1435.90;934.00
" ";" ";"2010M04";1427.33;929.33
" ";" ";"2010M05";1416.73;923.57
" ";" ";"2010M06";1438.56;935.80
" ";" ";"2010M07";1423.16;928.68
" ";" ";"2010M08";1431.02;934.94
" ";" ";"2010M09";1425.76;931.18
" ";" ";"2010M10";1449.81;944.58
" ";" ";"2010M11";1574.22;1012.86
" ";" ";"2010M12";1477.24;958.56
" ";" ";"2011M01";1439.33;941.32
" ";" ";"2011M02";1428.21;933.78
" ";" ";"2011M03";1455.98;950.64
" ";" ";"2011M04";1456.66;947.75
" ";" ";"2011M05";1472.04;959.04
" ";" ";"2011M06";1466.52;953.50
" ";" ";"2011M07";1449.82;945.38
" ";" ";"2011M08";1462.70;952.93
" ";" ";"2011M09";1456.76;948.53
" ";" ";"2011M10";1478.95;961.14
" ";" ";"2011M11";1567.91;996.87
" ";" ";"2011M12";1488.96;965.77
" ";" ";"2012M01";1482.79;966.55
" ";" ";"2012M02";1466.52;957.11
" ";" ";"2012M03";1490.48;969.83
" ";" ";"2012M04";1475.58;962.34
" ";" ";"2012M05";1489.26;968.67
" ";" ";"2012M06";1460.67;953.61
" ";" ";"2012M07";1450.14;947.94
" ";" ";"2012M08";1447.31;947.39
" ";" ";"2012M09";1440.58;944.20
" ";" ";"2012M10";1463.62;956.18
" ";" ";"2012M11";1526.85;980.53
" ";" ";"2012M12";1471.69;963.78
" ";" ";"2013M01";1449.78;955.05
" ";" ";"2013M02";1432.15;944.95
" ";" ";"2013M03";1464.06;959.33
" ";" ";"2013M04";1463.78;960.31
" ";" ";"2013M05";1455.03;957.72
" ";" ";"2013M06";1440.35;948.77
" ";" ";"2013M07";1431.89;944.07
" ";" ";"2013M08";1438.04;948.74
" ";" ";"2013M09";1438.63;949.60
" ";" ";"2013M10";1467.32;966.25
" ";" ";"2013M11";1525.03;987.07
" ";" ";"2013M12";1461.35;960.80
" ";" ";"2014M01";1455.18;956.86
" ";" ";"2014M02";1442.83;949.92
" ";" ";"2014M03";1467.65;961.50
" ";" ";"2014M04";1462.95;960.50
" ";" ";"2014M05";1458.26;957.75
" ";" ";"2014M06";1474.86;969.25
" ";" ";"2014M07";1459.74;961.71
" ";" ";"2014M08";1447.67;953.85
" ";" ";"2014M09";1453.58;957.79
" ";" ";"2014M10";1479.26;970.73
" ";" ";"2014M11";1546.55;997.98
" ";" ";"2014M12";1476.18;967.61
" ";" ";"2015M01";1462.32;961.46
" ";" ";"2015M02";1436.24;946.78
" ";" ";"2015M03";1475.56;963.78
" ";" ";"2015M04";1466.09;960.10
" ";" ";"2015M05";1449.79;953.28
" ";" ";"2015M06";1481.34;970.18
" ";" ";"2015M07";1458.24;958.74
" ";" ";"2015M08";1442.31;950.12
" ";" ";"2015M09";1450.92;954.96
" ";"Murska Sobota"
" ";" ";"2005M01";933.71;619.59
" ";" ";"2005M02";920.89;612.04
" ";" ";"2005M03";940.07;624.45
" ";" ";"2005M04";939.51;623.76
" ";" ";"2005M05";944.26;627.40
" ";" ";"2005M06";942.37;625.26
" ";" ";"2005M07";947.10;628.80
" ";" ";"2005M08";970.67;641.94
" ";" ";"2005M09";971.41;641.05
" ";" ";"2005M10";971.83;640.88
" ";" ";"2005M11";1070.38;698.86
" ";" ";"2005M12";999.25;660.04
" ";" ";"2006M01";969.01;645.27
" ";" ";"2006M02";956.94;637.74
" ";" ";"2006M03";973.11;646.76
" ";" ";"2006M04";967.17;643.12
" ";" ";"2006M05";990.91;657.80
" ";" ";"2006M06";979.12;650.48
" ";" ";"2006M07";985.79;657.45
" ";" ";"2006M08";1008.36;670.77
" ";" ";"2006M09";1012.89;668.14
" ";" ";"2006M10";1018.29;671.81
" ";" ";"2006M11";1141.33;742.63
" ";" ";"2006M12";1053.37;707.38
" ";" ";"2007M01";1016.55;691.10
" ";" ";"2007M02";1000.85;678.32
" ";" ";"2007M03";1033.32;696.32
" ";" ";"2007M04";1017.66;688.38
" ";" ";"2007M05";1048.22;706.02
" ";" ";"2007M06";1027.12;693.73
" ";" ";"2007M07";1059.86;714.04
" ";" ";"2007M08";1048.46;707.37
" ";" ";"2007M09";1039.09;700.80
" ";" ";"2007M10";1065.04;713.65
" ";" ";"2007M11";1215.72;799.34
" ";" ";"2007M12";1090.17;728.76
" ";" ";"2008M01";1069.75;724.35
" ";" ";"2008M02";1078.34;729.37
" ";" ";"2008M03";1087.53;736.10
" ";" ";"2008M04";1094.42;737.06
" ";" ";"2008M05";1112.39;749.00
" ";" ";"2008M06";1129.40;744.63
" ";" ";"2008M07";1121.35;753.81
" ";" ";"2008M08";1158.03;775.32
" ";" ";"2008M09";1162.95;777.15
" ";" ";"2008M10";1164.90;773.72
" ";" ";"2008M11";1297.10;843.19
" ";" ";"2008M12";1217.53;813.06
" ";" ";"2009M01";1197.38;801.62
" ";" ";"2009M02";1155.85;777.90
" ";" ";"2009M03";1208.19;807.03
" ";" ";"2009M04";1265.21;839.90
" ";" ";"2009M05";1215.49;808.75
" ";" ";"2009M06";1220.50;814.48
" ";" ";"2009M07";1200.36;802.31
" ";" ";"2009M08";1195.33;801.33
" ";" ";"2009M09";1304.42;864.74
" ";" ";"2009M10";1303.95;864.70
" ";" ";"2009M11";1386.98;907.69
" ";" ";"2009M12";1325.80;874.63
" ";" ";"2010M01";1285.14;854.24
" ";" ";"2010M02";1263.68;845.68
" ";" ";"2010M03";1308.59;873.94
" ";" ";"2010M04";1322.07;880.64
" ";" ";"2010M05";1318.53;879.60
" ";" ";"2010M06";1319.81;880.44
" ";" ";"2010M07";1321.59;882.00
" ";" ";"2010M08";1307.12;873.63
" ";" ";"2010M09";1323.10;883.96
" ";" ";"2010M10";1319.40;879.66
" ";" ";"2010M11";1413.07;930.52
" ";" ";"2010M12";1362.48;906.25
" ";" ";"2011M01";1322.81;883.18
" ";" ";"2011M02";1310.36;876.64
" ";" ";"2011M03";1333.76;889.17
" ";" ";"2011M04";1327.63;884.83
" ";" ";"2011M05";1343.08;894.46
" ";" ";"2011M06";1337.98;890.51
" ";" ";"2011M07";1321.47;882.08
" ";" ";"2011M08";1335.16;889.10
" ";" ";"2011M09";1334.63;888.17
" ";" ";"2011M10";1328.21;881.77
" ";" ";"2011M11";1414.09;928.89
" ";" ";"2011M12";1371.17;911.74
" ";" ";"2012M01";1351.05;900.84
" ";" ";"2012M02";1337.85;892.31
" ";" ";"2012M03";1348.51;899.60
" ";" ";"2012M04";1339.48;893.68
" ";" ";"2012M05";1359.92;904.70
" ";" ";"2012M06";1326.41;886.48
" ";" ";"2012M07";1322.90;885.19
" ";" ";"2012M08";1330.73;889.01
" ";" ";"2012M09";1323.19;885.15
" ";" ";"2012M10";1348.02;899.96
" ";" ";"2012M11";1378.14;914.12
" ";" ";"2012M12";1346.54;902.67
" ";" ";"2013M01";1337.61;899.00
" ";" ";"2013M02";1318.10;888.02
" ";" ";"2013M03";1330.64;893.91
" ";" ";"2013M04";1341.27;897.81
" ";" ";"2013M05";1352.73;906.66
" ";" ";"2013M06";1322.15;890.13
" ";" ";"2013M07";1334.92;897.09
" ";" ";"2013M08";1310.46;882.26
" ";" ";"2013M09";1333.49;896.22
" ";" ";"2013M10";1354.65;908.19
" ";" ";"2013M11";1398.60;928.24
" ";" ";"2013M12";1373.56;914.03
" ";" ";"2014M01";1358.13;910.40
" ";" ";"2014M02";1334.90;896.05
" ";" ";"2014M03";1347.63;901.70
" ";" ";"2014M04";1364.46;911.90
" ";" ";"2014M05";1406.76;936.02
" ";" ";"2014M06";1389.76;928.54
" ";" ";"2014M07";1379.08;921.33
" ";" ";"2014M08";1350.36;905.33
" ";" ";"2014M09";1373.80;918.22
" ";" ";"2014M10";1403.42;934.51
" ";" ";"2014M11";1435.32;954.83
" ";" ";"2014M12";1425.92;942.56
" ";" ";"2015M01";1380.84;922.49
" ";" ";"2015M02";1354.02;912.86
" ";" ";"2015M03";1384.91;921.03
" ";" ";"2015M04";1392.43;925.73
" ";" ";"2015M05";1405.22;932.55
" ";" ";"2015M06";1387.15;925.20
" ";" ";"2015M07";1381.50;921.33
" ";" ";"2015M08";1381.55;922.29
" ";" ";"2015M09";1405.38;936.48
" ";"Novo mesto"
" ";" ";"2005M01";1228.44;783.67
" ";" ";"2005M02";1134.07;731.77
" ";" ";"2005M03";1172.54;751.71
" ";" ";"2005M04";1169.70;750.86
" ";" ";"2005M05";1179.49;756.92
" ";" ";"2005M06";1185.81;757.78
" ";" ";"2005M07";1184.18;756.71
" ";" ";"2005M08";1321.59;831.31
" ";" ";"2005M09";1209.72;772.08
" ";" ";"2005M10";1204.09;767.53
" ";" ";"2005M11";1434.71;896.65
" ";" ";"2005M12";1240.94;794.23
" ";" ";"2006M01";1348.08;854.03
" ";" ";"2006M02";1172.80;760.56
" ";" ";"2006M03";1256.58;800.22
" ";" ";"2006M04";1181.99;740.08
" ";" ";"2006M05";1236.45;790.42
" ";" ";"2006M06";1218.38;783.53
" ";" ";"2006M07";1223.22;785.66
" ";" ";"2006M08";1384.92;869.30
" ";" ";"2006M09";1234.00;791.68
" ";" ";"2006M10";1285.90;815.41
" ";" ";"2006M11";1490.80;936.55
" ";" ";"2006M12";1297.51;834.51
" ";" ";"2007M01";1421.43;921.70
" ";" ";"2007M02";1236.19;815.86
" ";" ";"2007M03";1279.73;840.58
" ";" ";"2007M04";1288.31;841.06
" ";" ";"2007M05";1312.41;860.43
" ";" ";"2007M06";1286.91;846.90
" ";" ";"2007M07";1310.00;857.35
" ";" ";"2007M08";1458.57;939.94
" ";" ";"2007M09";1280.84;839.08
" ";" ";"2007M10";1355.70;881.74
" ";" ";"2007M11";1597.08;1001.06
" ";" ";"2007M12";1359.30;893.44
" ";" ";"2008M01";1564.85;998.68
" ";" ";"2008M02";1374.84;901.20
" ";" ";"2008M03";1410.63;921.06
" ";" ";"2008M04";1421.01;922.05
" ";" ";"2008M05";1404.04;917.62
" ";" ";"2008M06";1384.23;905.30
" ";" ";"2008M07";1422.18;927.96
" ";" ";"2008M08";1564.99;1005.60
" ";" ";"2008M09";1434.25;935.07
" ";" ";"2008M10";1473.28;954.53
" ";" ";"2008M11";1731.34;1092.10
" ";" ";"2008M12";1488.36;979.92
" ";" ";"2009M01";1556.25;1006.88
" ";" ";"2009M02";1405.51;929.85
" ";" ";"2009M03";1464.09;954.93
" ";" ";"2009M04";1465.27;954.54
" ";" ";"2009M05";1446.50;945.57
" ";" ";"2009M06";1484.01;961.55
" ";" ";"2009M07";1480.44;963.75
" ";" ";"2009M08";1534.54;993.71
" ";" ";"2009M09";1473.73;963.12
" ";" ";"2009M10";1488.93;968.97
" ";" ";"2009M11";1795.97;1142.59
" ";" ";"2009M12";1562.65;1010.67
" ";" ";"2010M01";1598.81;1034.29
" ";" ";"2010M02";1458.84;957.69
" ";" ";"2010M03";1591.19;1030.60
" ";" ";"2010M04";1552.40;1006.14
" ";" ";"2010M05";1510.17;987.57
" ";" ";"2010M06";1526.37;996.45
" ";" ";"2010M07";1542.66;1006.97
" ";" ";"2010M08";1689.31;1084.58
" ";" ";"2010M09";1527.49;999.27
" ";" ";"2010M10";1518.32;992.60
" ";" ";"2010M11";1847.11;1172.03
" ";" ";"2010M12";1604.35;1040.79
" ";" ";"2011M01";1680.10;1086.63
" ";" ";"2011M02";1518.12;996.80
" ";" ";"2011M03";1667.59;1073.41
" ";" ";"2011M04";1574.96;1024.36
" ";" ";"2011M05";1582.51;1028.27
" ";" ";"2011M06";1572.93;1024.00
" ";" ";"2011M07";1541.87;1007.52
" ";" ";"2011M08";1809.89;1157.94
" ";" ";"2011M09";1587.45;1032.02
" ";" ";"2011M10";1579.00;1026.36
" ";" ";"2011M11";1944.68;1215.89
" ";" ";"2011M12";1594.29;1034.85
" ";" ";"2012M01";1750.66;1128.16
" ";" ";"2012M02";1573.31;1027.87
" ";" ";"2012M03";1705.03;1092.97
" ";" ";"2012M04";1607.49;1044.35
" ";" ";"2012M05";1637.14;1057.59
" ";" ";"2012M06";1568.45;1024.54
" ";" ";"2012M07";1614.31;1045.23
" ";" ";"2012M08";1771.54;1133.79
" ";" ";"2012M09";1549.76;1024.48
" ";" ";"2012M10";1628.89;1056.39
" ";" ";"2012M11";1875.91;1176.25
" ";" ";"2012M12";1614.53;1055.58
" ";" ";"2013M01";1813.48;1171.14
" ";" ";"2013M02";1559.29;1027.13
" ";" ";"2013M03";1610.47;1048.77
" ";" ";"2013M04";1642.28;1068.05
" ";" ";"2013M05";1640.34;1072.54
" ";" ";"2013M06";1576.67;1033.36
" ";" ";"2013M07";1626.24;1063.71
" ";" ";"2013M08";1807.36;1159.34
" ";" ";"2013M09";1579.95;1037.77
" ";" ";"2013M10";1642.51;1072.35
" ";" ";"2013M11";1897.12;1211.00
" ";" ";"2013M12";1631.92;1066.26
" ";" ";"2014M01";1859.39;1191.29
" ";" ";"2014M02";1571.45;1032.48
" ";" ";"2014M03";1668.97;1075.00
" ";" ";"2014M04";1645.29;1071.11
" ";" ";"2014M05";1638.00;1066.62
" ";" ";"2014M06";1630.39;1064.52
" ";" ";"2014M07";1828.94;1164.23
" ";" ";"2014M08";1820.70;1157.86
" ";" ";"2014M09";1636.52;1067.84
" ";" ";"2014M10";1699.57;1099.49
" ";" ";"2014M11";1920.45;1230.78
" ";" ";"2014M12";1725.49;1118.05
" ";" ";"2015M01";1828.48;1177.82
" ";" ";"2015M02";1593.48;1044.07
" ";" ";"2015M03";1702.77;1093.28
" ";" ";"2015M04";1708.54;1104.31
" ";" ";"2015M05";1618.29;1057.28
" ";" ";"2015M06";1643.59;1069.52
" ";" ";"2015M07";1661.23;1077.86
" ";" ";"2015M08";1836.74;1171.77
" ";" ";"2015M09";1628.59;1062.31
" ";"Postojna"
" ";" ";"2005M01";1021.10;667.47
" ";" ";"2005M02";1009.78;661.59
" ";" ";"2005M03";1047.00;682.05
" ";" ";"2005M04";1034.68;676.10
" ";" ";"2005M05";1057.38;688.38
" ";" ";"2005M06";1063.11;689.86
" ";" ";"2005M07";1052.19;684.70
" ";" ";"2005M08";1089.34;705.67
" ";" ";"2005M09";1082.60;701.11
" ";" ";"2005M10";1071.04;694.57
" ";" ";"2005M11";1138.84;729.88
" ";" ";"2005M12";1107.78;716.81
" ";" ";"2006M01";1073.74;701.48
" ";" ";"2006M02";1060.45;694.41
" ";" ";"2006M03";1096.47;713.65
" ";" ";"2006M04";1076.48;701.77
" ";" ";"2006M05";1132.97;732.91
" ";" ";"2006M06";1110.53;721.25
" ";" ";"2006M07";1098.53;715.20
" ";" ";"2006M08";1130.44;733.56
" ";" ";"2006M09";1126.83;729.89
" ";" ";"2006M10";1130.41;730.85
" ";" ";"2006M11";1206.78;772.92
" ";" ";"2006M12";1140.57;759.06
" ";" ";"2007M01";1143.92;761.97
" ";" ";"2007M02";1112.05;742.49
" ";" ";"2007M03";1165.14;771.89
" ";" ";"2007M04";1151.26;765.00
" ";" ";"2007M05";1191.03;787.77
" ";" ";"2007M06";1175.12;785.16
" ";" ";"2007M07";1183.82;781.97
" ";" ";"2007M08";1185.96;787.32
" ";" ";"2007M09";1157.89;768.27
" ";" ";"2007M10";1195.12;790.83
" ";" ";"2007M11";1292.10;837.09
" ";" ";"2007M12";1215.16;806.51
" ";" ";"2008M01";1220.32;812.78
" ";" ";"2008M02";1213.63;808.83
" ";" ";"2008M03";1219.83;812.12
" ";" ";"2008M04";1244.09;820.99
" ";" ";"2008M05";1290.16;846.25
" ";" ";"2008M06";1237.69;819.49
" ";" ";"2008M07";1293.06;849.83
" ";" ";"2008M08";1283.12;839.09
" ";" ";"2008M09";1302.80;854.80
" ";" ";"2008M10";1293.14;850.13
" ";" ";"2008M11";1379.94;882.31
" ";" ";"2008M12";1314.21;866.21
" ";" ";"2009M01";1276.15;846.07
" ";" ";"2009M02";1239.44;825.97
" ";" ";"2009M03";1278.60;849.19
" ";" ";"2009M04";1282.41;855.79
" ";" ";"2009M05";1267.97;843.07
" ";" ";"2009M06";1279.76;850.24
" ";" ";"2009M07";1283.61;846.21
" ";" ";"2009M08";1256.63;836.74
" ";" ";"2009M09";1262.28;840.44
" ";" ";"2009M10";1275.54;846.30
" ";" ";"2009M11";1314.99;868.71
" ";" ";"2009M12";1309.26;867.78
" ";" ";"2010M01";1273.23;845.69
" ";" ";"2010M02";1256.35;822.07
" ";" ";"2010M03";1307.23;869.47
" ";" ";"2010M04";1303.83;865.63
" ";" ";"2010M05";1291.91;860.64
" ";" ";"2010M06";1334.15;885.75
" ";" ";"2010M07";1323.49;875.70
" ";" ";"2010M08";1337.02;884.24
" ";" ";"2010M09";1327.86;879.83
" ";" ";"2010M10";1329.12;880.36
" ";" ";"2010M11";1384.36;905.40
" ";" ";"2010M12";1367.37;904.16
" ";" ";"2011M01";1329.06;883.76
" ";" ";"2011M02";1318.13;878.07
" ";" ";"2011M03";1380.44;916.08
" ";" ";"2011M04";1340.66;890.76
" ";" ";"2011M05";1369.16;906.65
" ";" ";"2011M06";1393.31;923.90
" ";" ";"2011M07";1390.89;920.23
" ";" ";"2011M08";1408.56;929.89
" ";" ";"2011M09";1369.08;907.67
" ";" ";"2011M10";1379.06;913.23
" ";" ";"2011M11";1442.47;939.81
" ";" ";"2011M12";1393.48;923.52
" ";" ";"2012M01";1396.15;927.92
" ";" ";"2012M02";1399.61;928.29
" ";" ";"2012M03";1413.22;936.34
" ";" ";"2012M04";1383.82;918.84
" ";" ";"2012M05";1430.82;945.80
" ";" ";"2012M06";1337.28;893.69
" ";" ";"2012M07";1349.81;899.25
" ";" ";"2012M08";1410.82;936.74
" ";" ";"2012M09";1359.75;907.43
" ";" ";"2012M10";1409.03;935.24
" ";" ";"2012M11";1443.07;940.81
" ";" ";"2012M12";1397.89;932.71
" ";" ";"2013M01";1367.75;915.11
" ";" ";"2013M02";1396.39;926.41
" ";" ";"2013M03";1376.92;922.74
" ";" ";"2013M04";1397.56;934.59
" ";" ";"2013M05";1423.83;949.38
" ";" ";"2013M06";1371.20;918.88
" ";" ";"2013M07";1416.33;946.06
" ";" ";"2013M08";1368.39;916.67
" ";" ";"2013M09";1360.10;911.24
" ";" ";"2013M10";1392.69;931.19
" ";" ";"2013M11";1431.55;939.75
" ";" ";"2013M12";1436.02;956.64
" ";" ";"2014M01";1419.29;947.00
" ";" ";"2014M02";1394.93;928.55
" ";" ";"2014M03";1412.41;939.22
" ";" ";"2014M04";1422.03;946.44
" ";" ";"2014M05";1434.82;952.49
" ";" ";"2014M06";1409.49;937.77
" ";" ";"2014M07";1427.29;952.08
" ";" ";"2014M08";1382.40;925.27
" ";" ";"2014M09";1399.48;935.83
" ";" ";"2014M10";1422.21;940.10
" ";" ";"2014M11";1463.15;971.03
" ";" ";"2014M12";1447.80;963.54
" ";" ";"2015M01";1448.81;960.35
" ";" ";"2015M02";1379.06;921.02
" ";" ";"2015M03";1414.11;944.75
" ";" ";"2015M04";1435.81;957.45
" ";" ";"2015M05";1427.55;950.66
" ";" ";"2015M06";1439.68;956.48
" ";" ";"2015M07";1443.12;956.92
" ";" ";"2015M08";1416.58;946.84
" ";" ";"2015M09";1416.17;946.39
" ";"Ravne na Koroškem"
" ";" ";"2005M01";1053.38;689.02
" ";" ";"2005M02";1032.42;677.36
" ";" ";"2005M03";1047.81;684.13
" ";" ";"2005M04";1041.16;679.96
" ";" ";"2005M05";1053.28;685.64
" ";" ";"2005M06";1073.18;692.62
" ";" ";"2005M07";1055.22;688.24
" ";" ";"2005M08";1084.68;694.01
" ";" ";"2005M09";1073.08;696.96
" ";" ";"2005M10";1083.38;700.71
" ";" ";"2005M11";1211.30;778.75
" ";" ";"2005M12";1077.08;704.55
" ";" ";"2006M01";1081.56;708.90
" ";" ";"2006M02";1078.04;705.66
" ";" ";"2006M03";1078.41;706.43
" ";" ";"2006M04";1076.19;705.22
" ";" ";"2006M05";1091.65;710.30
" ";" ";"2006M06";1113.44;725.49
" ";" ";"2006M07";1102.43;719.14
" ";" ";"2006M08";1141.58;731.90
" ";" ";"2006M09";1091.67;708.93
" ";" ";"2006M10";1112.03;720.75
" ";" ";"2006M11";1230.16;787.46
" ";" ";"2006M12";1104.48;737.28
" ";" ";"2007M01";1116.89;745.07
" ";" ";"2007M02";1107.85;738.11
" ";" ";"2007M03";1129.02;751.22
" ";" ";"2007M04";1119.49;744.52
" ";" ";"2007M05";1133.60;750.85
" ";" ";"2007M06";1133.15;751.34
" ";" ";"2007M07";1133.84;752.79
" ";" ";"2007M08";1166.55;771.29
" ";" ";"2007M09";1180.43;779.00
" ";" ";"2007M10";1227.41;779.80
" ";" ";"2007M11";1302.02;852.73
" ";" ";"2007M12";1187.65;788.38
" ";" ";"2008M01";1197.83;790.50
" ";" ";"2008M02";1217.30;804.09
" ";" ";"2008M03";1236.36;816.70
" ";" ";"2008M04";1240.91;816.71
" ";" ";"2008M05";1231.72;814.34
" ";" ";"2008M06";1263.49;831.60
" ";" ";"2008M07";1241.69;819.26
" ";" ";"2008M08";1299.48;854.16
" ";" ";"2008M09";1301.10;853.20
" ";" ";"2008M10";1296.46;851.74
" ";" ";"2008M11";1428.17;930.88
" ";" ";"2008M12";1327.76;875.53
" ";" ";"2009M01";1318.66;867.68
" ";" ";"2009M02";1288.73;853.36
" ";" ";"2009M03";1296.99;858.70
" ";" ";"2009M04";1292.39;853.54
" ";" ";"2009M05";1287.32;853.63
" ";" ";"2009M06";1299.27;859.51
" ";" ";"2009M07";1289.21;853.65
" ";" ";"2009M08";1300.27;857.57
" ";" ";"2009M09";1307.21;866.63
" ";" ";"2009M10";1335.75;876.71
" ";" ";"2009M11";1398.12;911.51
" ";" ";"2009M12";1320.19;872.86
" ";" ";"2010M01";1333.62;878.77
" ";" ";"2010M02";1338.14;885.25
" ";" ";"2010M03";1363.03;898.54
" ";" ";"2010M04";1370.94;901.41
" ";" ";"2010M05";1368.77;900.61
" ";" ";"2010M06";1386.27;911.19
" ";" ";"2010M07";1358.10;896.89
" ";" ";"2010M08";1386.01;913.80
" ";" ";"2010M09";1390.85;915.31
" ";" ";"2010M10";1470.39;960.26
" ";" ";"2010M11";1447.82;946.70
" ";" ";"2010M12";1400.73;919.95
" ";" ";"2011M01";1396.08;922.24
" ";" ";"2011M02";1399.38;924.17
" ";" ";"2011M03";1420.68;934.85
" ";" ";"2011M04";1425.73;939.33
" ";" ";"2011M05";1430.84;940.46
" ";" ";"2011M06";1440.83;946.49
" ";" ";"2011M07";1429.35;941.20
" ";" ";"2011M08";1414.79;932.21
" ";" ";"2011M09";1425.06;937.17
" ";" ";"2011M10";1428.39;938.86
" ";" ";"2011M11";1607.99;1043.16
" ";" ";"2011M12";1462.70;944.00
" ";" ";"2012M01";1432.49;944.18
" ";" ";"2012M02";1430.90;943.80
" ";" ";"2012M03";1432.92;944.83
" ";" ";"2012M04";1457.63;957.07
" ";" ";"2012M05";1454.12;955.98
" ";" ";"2012M06";1434.57;945.31
" ";" ";"2012M07";1424.40;939.64
" ";" ";"2012M08";1428.80;943.31
" ";" ";"2012M09";1430.95;943.38
" ";" ";"2012M10";1529.60;1002.42
" ";" ";"2012M11";1487.08;974.17
" ";" ";"2012M12";1439.22;948.02
" ";" ";"2013M01";1442.22;957.41
" ";" ";"2013M02";1424.45;948.00
" ";" ";"2013M03";1446.51;958.01
" ";" ";"2013M04";1447.66;952.22
" ";" ";"2013M05";1449.98;960.16
" ";" ";"2013M06";1454.13;964.50
" ";" ";"2013M07";1440.85;954.38
" ";" ";"2013M08";1440.53;954.60
" ";" ";"2013M09";1452.00;959.48
" ";" ";"2013M10";1456.87;962.45
" ";" ";"2013M11";1678.74;1070.25
" ";" ";"2013M12";1474.96;972.28
" ";" ";"2014M01";1460.94;965.74
" ";" ";"2014M02";1457.90;963.44
" ";" ";"2014M03";1457.75;962.62
" ";" ";"2014M04";1462.87;968.65
" ";" ";"2014M05";1469.99;968.76
" ";" ";"2014M06";1480.39;976.92
" ";" ";"2014M07";1464.51;965.40
" ";" ";"2014M08";1462.85;964.10
" ";" ";"2014M09";1491.11;981.52
" ";" ";"2014M10";1486.07;977.49
" ";" ";"2014M11";1746.37;1122.07
" ";" ";"2014M12";1505.81;980.20
" ";" ";"2015M01";1486.70;977.99
" ";" ";"2015M02";1477.71;972.62
" ";" ";"2015M03";1508.63;988.52
" ";" ";"2015M04";1515.18;992.75
" ";" ";"2015M05";1500.87;983.76
" ";" ";"2015M06";1519.26;982.56
" ";" ";"2015M07";1510.82;987.35
" ";" ";"2015M08";1483.99;975.66
" ";" ";"2015M09";1506.65;987.30
